Title,URL,Date
What Is Data Scraping And How Can You Use It? - Target ...,https://www.targetinternet.com/what-is-data-scraping-and-how-can-you-use-it/,Target Internet  13-Sept-2017
What is data scraping? - YouTube,https://www.youtube.com/watch?v=COeMzrSYgvw,YouTube  The Hindu  30-Oct-2020
What is DATA SCRAPING? What does DATA ... - YouTube,https://www.youtube.com/watch?v=omTtMylcWOI,YouTube  The Audiopedia  21-Sept-2017
Data Scraping from Websites to Excel | Web Scraper Chorme ...,https://www.youtube.com/watch?v=aClnnoQK9G0,YouTube  Azharul Rafy  20-Aug-2021
Watch | What is data scraping? - The Hindu,https://www.thehindu.com/sci-tech/technology/what-is-data-scraping/article32908610.ece,The Hindu  21-Oct-2020
Web Scraping Software - UiPath,https://www.uipath.com/solutions/technology/web-scraping-software,UiPath  UiPath  31-Jan-2015
Web Scraping Techniques: How to Scrape Data from the Internet,https://www.parsehub.com/blog/web-scraping-techniques/,ParseHub  ParseHub  16-Mar-2020
WHAT IS DATA SCRAPING AND HOW CAN YOU USE IT?,https://www.linkedin.com/pulse/what-data-scraping-how-can-you-use-daniel-rowles,LinkedIn  Lucy Provost  21-Nov-2017
8 Best Web Scraping Tools - Learn - Hevo Data,https://hevodata.com/learn/8-best-web-scraping-tools/,Hevo Data  Hevo Data  06-Feb-2021
Web scraping for Beginners | Introduction guide - ParseHub,https://www.parsehub.com/blog/beginners-guide-to-web-scraping/,ParseHub  ParseHub  17-Nov-2020
7 Best Web Scraping Tools To Extract Data - Better ...,https://betterprogramming.pub/data-scraping-tools-7cb76eeab89e,Better Programming  Rakia Ben Sassi  26-Apr-2021
The Best Web Scraping Tools for 2021 | ScrapingBee,https://www.scrapingbee.com/blog/web-scraping-tools/,ScrapingBee  Web Scraper  11-Jun-2021
Is Web Scraping Legal? Explanation and Examples | ParseHub,https://www.parsehub.com/blog/web-scraping-legal/,ParseHub  ParseHub  14-Jul-2021
Instant Data Scraper Chorme Extension | Learn Web Scraping,https://www.youtube.com/watch?v=Y5lodOYAURY,YouTube  Azharul Rafy  17-Aug-2021
Top Resources To Learn Web Scraping - Analytics India ...,https://analyticsindiamag.com/top-resources-to-learn-web-scraping/,Analytics India Magazine  Data Science Dojo  05-Apr-2020
