Name,Mobile,Birthday
,,
Patricia D. Hanson,832-553-1502,"September 22, 1952"
Alan L. Brown,801-510-8590,"May 20, 1971"
Kristi R. Lollar,205-356-2241,"June 9, 1990"
Mark J. Dunn,781-322-9444,"April 11, 1993"
Sylvia T. Steele,402-345-9728,"October 1, 1982"
Marc S. Hill,703-271-0282,"May 11, 1944"
Elizabeth J. Taylor,920-808-3372,"March 7, 1972"
Roy T. Pierce,360-850-4934,"December 16, 2001"
Jose K. Jewell,914-263-4282,"April 27, 1992"
Jim C. Letourneau,417-577-7407,"November 8, 1990"
Lee P. Jenkin,907-209-4125,"January 26, 1995"
James G. Puga,314-766-7179,"November 15, 1953"
Gary L. Barrier,505-941-7704,"June 26, 1972"
Bethanie M. Washington,425-923-3680,"March 4, 1986"
Robert B. Canty,765-659-4882,"August 17, 1951"
